/** Czyszczenie schematu
Procedura usuwujaca tabele, je≈õli istniejƒÖ 
*/

DECLARE
    v_count  INT;
    v_name VARCHAR2(20);
    TYPE namesarray IS VARRAY(15) OF VARCHAR2(20);
    names    namesarray;
BEGIN
    names := namesarray('regions', 'countries', 'reg_countries', 'addresses', 'positions', 'positions_history',
                       'emp_status', 'departments', 'employees', 'dependents',
                       'project_status', 'projects', 'emp_projects',
                       'grades', 'emp_grades');

    FOR i IN 1..names.count LOOP
        v_name := names(i);
        
        SELECT COUNT(*) INTO v_count FROM user_tables WHERE table_name = upper(v_name);
        IF v_count = 1 THEN
            DBMS_OUTPUT.PUT_LINE('Dropping table: ' || v_name);
            EXECUTE IMMEDIATE 'DROP TABLE '|| v_name || ' CASCADE CONSTRAINTS';
        END IF;
    END LOOP;
END;

/

-- tabela regiony 
CREATE TABLE regions
(
  region_id NUMBER (4) GENERATED BY DEFAULT ON NULL AS IDENTITY START WITH 2000 CONSTRAINT reg_PK PRIMARY KEY,
  name VARCHAR2 (40) NOT NULL,
  shortname VARCHAR2(10)
);
  
-- tabela kraje 
CREATE TABLE countries
(
  country_id NUMBER (4) GENERATED BY DEFAULT ON NULL AS IDENTITY START WITH 2000  CONSTRAINT countries_pk PRIMARY KEY,
  name VARCHAR2 (40) NOT NULL ,
  capital VARCHAR2 (40) NOT NULL, 
  population NUMBER CONSTRAINT countries_pop_check CHECK (population > 0 ),
  language VARCHAR2(50),
  currency VARCHAR2(10),
  domain VARCHAR2(5),
  code VARCHAR2(5),
  phone_code VARCHAR2(5)
 );

-- powiƒÖzanie miedzy krajami a regionami (kraje-regiony relacja n-n)
CREATE TABLE reg_countries (
  rc_id NUMBER (4) GENERATED BY DEFAULT ON NULL AS IDENTITY START WITH 2000 CONSTRAINT rc_PK PRIMARY KEY,
  region_id NUMBER NOT NULL REFERENCES regions (region_id),
  country_id NUMBER NOT NULL REFERENCES countries (country_id)
);
  
-- tabela z adresami 
CREATE TABLE addresses
(
  address_id NUMBER GENERATED BY DEFAULT ON NULL AS IDENTITY START WITH 2000  CONSTRAINT addr_pk PRIMARY KEY,
  street VARCHAR2 (40) NOT NULL ,
  postal_code VARCHAR2 (40 ) NOT NULL ,
  city VARCHAR2 (40 ) NOT NULL ,
  country_id NUMBER (4) NOT NULL CONSTRAINT addr_country_fk REFERENCES countries (country_id)
 );
  
  
-- tabela ze stanowiskami 

CREATE TABLE positions
(
  position_id NUMBER GENERATED BY DEFAULT ON NULL AS IDENTITY START WITH 2000  CONSTRAINT pos_pk PRIMARY KEY ,
  name VARCHAR2 (40) NOT NULL ,
  min_salary NUMBER (7,2) ,
  max_salary NUMBER (7,2)
);
  
-- tabela Zaklady/departamenty
CREATE TABLE departments
(
  department_id NUMBER GENERATED BY DEFAULT ON NULL AS IDENTITY START WITH 2000  CONSTRAINT dep_pk PRIMARY KEY  ,
  name VARCHAR2 (40) NOT NULL ,
  established DATE NOT NULL,
  year_budget NUMBER, 
  contact_number VARCHAR2(30),
  address_id NUMBER (4) NOT NULL CONSTRAINT dep_addr_fk REFERENCES addresses (address_id) ,
  manager_id NUMBER (4)
);

-- tabela slownikowa ze statusem pracownik√≥w
CREATE TABLE emp_status
(
  status_id NUMBER CONSTRAINT emp_status_pk PRIMARY KEY,
  name VARCHAR2 (30) NOT NULL
);
  
-- tabela pracownicy
CREATE TABLE employees
(
  employee_id NUMBER GENERATED BY DEFAULT ON NULL AS IDENTITY START WITH 2000  CONSTRAINT emp_pk PRIMARY KEY,
  name VARCHAR2 (40) NOT NULL ,
  surname VARCHAR2 (40) NOT NULL ,
  birth_date DATE NOT NULL,
  gender CHAR (1) CONSTRAINT emp_gender_check CHECK (gender IN ('K', 'M', 'N')),
  status_id CONSTRAINT emp_emp_status_fk REFERENCES emp_status (status_id),
  salary NUMBER (7,2) ,
  date_employed DATE ,
  department_id NUMBER (4) CONSTRAINT emp_dep_fk REFERENCES departments (department_id) ,
  manager_id NUMBER (4) CONSTRAINT emp_emp_fk REFERENCES employees (employee_id),
  position_id NUMBER (4) CONSTRAINT emp_pos_fk REFERENCES positions (position_id)
);
  
-- tabela z historia stanowisk dla pracownika
CREATE TABLE positions_history
(
  ph_id NUMBER GENERATED BY DEFAULT ON NULL AS IDENTITY START WITH 2000  CONSTRAINT ph_pk PRIMARY KEY,
  employee_id NUMBER (4) NOT NULL CONSTRAINT ph_emp_fk REFERENCES employees (employee_id),
  position_id NUMBER (4) NOT NULL CONSTRAINT ph_pos_fk REFERENCES positions (position_id),
  date_start DATE NOT NULL,
  date_end DATE
);

-- powiazania pracownikow i departamentow (menedzer id)
ALTER TABLE departments ADD CONSTRAINT dep_emp_fk FOREIGN KEY (manager_id) REFERENCES employees (employee_id) ;

-- tabele z dziecmi pracownik√≥w
CREATE TABLE dependents
(
  dependent_id NUMBER GENERATED BY DEFAULT ON NULL AS IDENTITY START WITH 100  CONSTRAINT dependents_pk PRIMARY KEY,
  name VARCHAR2(50) NOT NULL,
  surname VARCHAR2(50) NOT NULL,
  birth_date DATE NOT NULL,
  gender CHAR (1) CONSTRAINT dep_gender_check CHECK (gender IN ('K', 'M', 'N')),
  employee_id NUMBER REFERENCES employees (employee_id)
);

-- tabela ze statusem projekt√≥w
CREATE TABLE project_status
(
  ps_id NUMBER GENERATED BY DEFAULT ON NULL AS IDENTITY START WITH 1000  CONSTRAINT ps_pk PRIMARY KEY,
  name VARCHAR2(20) NOT NULL
);

-- tabela z projektami
CREATE TABLE projects
(
  project_id NUMBER GENERATED BY DEFAULT ON NULL AS IDENTITY START WITH 1000  CONSTRAINT projects_pk PRIMARY KEY,
  name VARCHAR2(50) NOT NULL,
  status NUMBER REFERENCES project_status(ps_id),
  owner NUMBER REFERENCES departments (department_id),
  estimated_budget NUMBER,
  used_budget NUMBER,
  date_start DATE,
  date_end DATE
);

-- tabela z powiazaniem pracownikow z projektami

CREATE TABLE emp_projects
(
  pe_id NUMBER GENERATED BY DEFAULT ON NULL AS IDENTITY START WITH 1000  CONSTRAINT pe_pk PRIMARY KEY,
  employee_id NUMBER REFERENCES employees (employee_id),
  project_id NUMBER REFERENCES projects (project_id),
  date_start DATE NOT NULL,
  date_end DATE
);

-- tabela slownikowa z ocenami pracownik√≥w
CREATE TABLE grades
(
  grade_id NUMBER GENERATED BY DEFAULT ON NULL AS IDENTITY START WITH 1000  CONSTRAINT grade_pk PRIMARY KEY,
  grade NUMBER NOT NULL,
  description VARCHAR2(50) NOT NULL
);
-- powiazania pracownika z ocenƒÖ 
CREATE TABLE emp_grades
(
  eg_id NUMBER GENERATED BY DEFAULT ON NULL AS IDENTITY START WITH 1000  CONSTRAINT emp_grade_pk PRIMARY KEY,
  employee_id NUMBER REFERENCES employees (employee_id) NOT NULL,
  grade_id NUMBER REFERENCES grades (grade_id) NOT NULL,
  inspection_date DATE NOT NULL,
  period NUMBER NOT NULL
);

INSERT INTO regions VALUES (101, 'Europa', 'EU');
INSERT INTO regions VALUES (102, 'Afryka', 'AF');
INSERT INTO regions VALUES (103, 'Ameryka P√≥≈Çnocna', 'AN');
INSERT INTO regions VALUES (104, 'Ameryka ≈örodkowa',NULL);
INSERT INTO regions VALUES (105, 'Ameryka Po≈Çudniowa', 'AS');
INSERT INTO regions VALUES (106, 'Azja', 'AS');
INSERT INTO regions VALUES (107, 'Australia', 'AU');
commit;


-------------------


INSERT INTO countries VALUES (101, 'Wielka Brytania', 'Londyn', 66.6, 'angielski', 'GBP', '.uk', 'GB', '+44');
INSERT INTO countries VALUES (102, 'Niemcy', 'Berlin', 83.02, 'niemiecki', 'EUR', '.de', 'DE', '+49');
INSERT INTO countries VALUES (103, 'Francja', 'Pary≈º', 66.99, 'francuski', 'EUR', '.fr', 'FR', '+33');
INSERT INTO countries VALUES (104, 'Polska', 'Warszawa', 37.97, 'polski', 'PLN', '.pl', 'PL', '+48');
INSERT INTO countries VALUES (105, 'Czechy', 'Praga', 10.69, 'czeski', 'CZK', '.cz', 'CZ', '+420');
INSERT INTO countries VALUES (106, 'Litwa', 'Wilno', 2.79, 'litewski', 'EUR', '.lt', 'LT', '+370');
INSERT INTO countries VALUES (107, 'Ukraina', 'Kij√≥w', 41.98, 'ukrai≈Ñski', 'UAH', '.ua', 'UA', '+380');
INSERT INTO countries VALUES (108, 'S≈Çowacja', 'Bratys≈Çawa', 5.45, 's≈Çowacki', 'EUR', '.sk', 'SK', '+421');
INSERT INTO countries VALUES (109, 'Norwegia', 'Oslo', 5.43, 'norweski', 'NOK', '.no', 'NO', '+47');
INSERT INTO countries VALUES (110, 'Szwecja', 'Sztokholm', 10.23, 'szwedzki', 'SEK', '.se', 'SE', '+46');
INSERT INTO countries VALUES (111, 'Finlandia', 'Helsinki', 5.58, 'fi≈Ñski', 'EUR', '.fi', 'FI', '+358');
INSERT INTO countries VALUES (112, 'Hiszpania', 'Madryt', 46.94, 'hiszpa≈Ñski', 'EUR', '.es', 'E', '+34');
INSERT INTO countries VALUES (113, 'Republika Po≈Çudniowej Ameryki', 'Kapsztad', 57.78, 'angielski', 'ZAR', '.za', NULL, NULL);
INSERT INTO countries VALUES (114, 'Egipt', 'Kair', 98.42, 'arabski', 'EGP', '.eg', 'EG', '+20');
INSERT INTO countries VALUES (115, 'Izrael', 'Jerozolima', 8.88, 'hebrajski', 'ILS', '.il', 'IL', '+972');
INSERT INTO countries VALUES (116, 'Irak', 'Bagdad', 38.43, 'arabski', 'IQD', NULL, 'IQD', NULL);
INSERT INTO countries VALUES (117, 'Turcja', 'Ankara', 82 ,'turecki' , 'TRY', '.tr', 'TR', NULL);
INSERT INTO countries VALUES (118, 'Stany Zjednoczone Ameryki', 'Waszyngton', 328.2, 'angielski', 'USD', '.us', 'US', '+1');
INSERT INTO countries VALUES (119, 'Kanada', 'Ottawa', 37.59, 'angielski', 'CAD', '.ca', 'CA', '+1');
INSERT INTO countries VALUES (120, 'Brazylia', 'Brasilia', 209.5, 'portugalski', 'BRL', NULL, NULL, NULL);
INSERT INTO countries VALUES (121, 'Argentyna', 'Buenos Aires', 44.49, 'hiszpa≈Ñski', 'ARS', NULL, NULL, NULL);
INSERT INTO countries VALUES (122, 'Chi≈Ñska Republika Ludowa', 'Pekin', 1393, 'chi≈Ñski', 'CNY', NULL, NULL, NULL);
INSERT INTO countries VALUES (123, 'Japonia', 'Tokio', 126.5, 'japo≈Ñski', 'JPY', '.jp', 'JP', '+81');
INSERT INTO countries VALUES (124, 'Korea Po≈Çudniowa', 'Seul', 51.64, 'korea≈Ñski', 'KRW', '.kr', 'KR', '+82');
INSERT INTO countries VALUES (125, 'Korea Po≈Çudniowa', 'Seul', 51.64, 'korea≈Ñski', 'KRW', '.kr', 'KR', '+82');
INSERT INTO countries VALUES (126, 'Chi≈Ñska Republika Ludowa', 'Pekin', 1393, 'chi≈Ñski', 'CNY', NULL, NULL, NULL);
INSERT INTO countries VALUES (127, 'Rosja', 'Moskwa', 146, 'rosyjski', 'RUB', '.ru', 'RUS', '+7');
INSERT INTO countries VALUES (128, 'Gruzja', 'Tbilisi', 4, 'gruzi≈Ñski', 'GEL', NULL, NULL, NULL);


commit;

----------------

INSERT INTO reg_countries VALUES (1001, 101, 101);
INSERT INTO reg_countries VALUES (1002, 101, 102);
INSERT INTO reg_countries VALUES (1003, 101, 103);
INSERT INTO reg_countries VALUES (1004, 101, 104);
INSERT INTO reg_countries VALUES (1005, 101, 105);
INSERT INTO reg_countries VALUES (1006, 101, 106);
INSERT INTO reg_countries VALUES (1007, 101, 107);
INSERT INTO reg_countries VALUES (1008, 101, 108);
INSERT INTO reg_countries VALUES (1009, 101, 109);
INSERT INTO reg_countries VALUES (1010, 101, 110);
INSERT INTO reg_countries VALUES (1011, 101, 111);
INSERT INTO reg_countries VALUES (1012, 101, 112);
INSERT INTO reg_countries VALUES (1013, 102, 113);
INSERT INTO reg_countries VALUES (1014, 102, 114);
INSERT INTO reg_countries VALUES (1015, 106, 115);
INSERT INTO reg_countries VALUES (1016, 106, 116);
INSERT INTO reg_countries VALUES (1017, 106, 117);
INSERT INTO reg_countries VALUES (1018, 103, 118);
INSERT INTO reg_countries VALUES (1019, 103, 119);
INSERT INTO reg_countries VALUES (1020, 105, 120);
INSERT INTO reg_countries VALUES (1021, 105, 121);
INSERT INTO reg_countries VALUES (1022, 106, 122);
INSERT INTO reg_countries VALUES (1023, 106, 123);
INSERT INTO reg_countries VALUES (1024, 106, 124);
INSERT INTO reg_countries VALUES (1025, 106, 125);
INSERT INTO reg_countries VALUES (1026, 106, 126);
INSERT INTO reg_countries VALUES (1027, 101, 127);
INSERT INTO reg_countries VALUES (1028, 106, 127);
INSERT INTO reg_countries VALUES (1029, 101, 128);
INSERT INTO reg_countries VALUES (1030, 106, 128);


INSERT INTO addresses VALUES (1001, 'Miodowa', '00-123', 'Warszawa', 104);
INSERT INTO addresses VALUES (1002, 'Koszykowa', '12-234', 'Krak√≥w', 104);
INSERT INTO addresses VALUES (1003, 'Czechowa', '32-112', 'Toru≈Ñ', 104);
INSERT INTO addresses VALUES (1004, 'Ho≈ºa', '55-123', 'Pozna≈Ñ', 104);
INSERT INTO addresses VALUES (1005, 'Oxford Street', '23AB1', 'Londyn', 101);
INSERT INTO addresses VALUES (1006, 'Kreisfreie Stat', '10115', 'Berlin', 102);
INSERT INTO addresses VALUES (1007, 'Rue Foobar', '75722', 'Pary≈º', 103);
INSERT INTO addresses VALUES (1008, 'Obchodni', 'CZ251', 'Praga', 105);
INSERT INTO addresses VALUES (1009, 'Vienuolio', '00004', 'Wilno', 106);
INSERT INTO addresses VALUES (1010, 'Zythomyra', '03000-123' ,'Kij√≥w', 107);
INSERT INTO addresses VALUES (1011, 'Chester Road', '09622', 'Manchester', 101);
INSERT INTO addresses VALUES (1012, 'Spadina Ave', 'm5V 2L7', 'Toronto', 119);
INSERT INTO addresses VALUES (1013, 'Boxwood St', 'm56 2k1', 'Toronto', 119);
INSERT INTO addresses VALUES (1014, 'ALBERTA ST', 'm66 24a', 'Toronto', 119);
INSERT INTO addresses VALUES (1015, 'Back ST', '23A123', 'Sao Paulo' , 118);
INSERT INTO addresses VALUES (1016, '2014 Jabberwocky Rd', '26192', 'Southlake', 118);
INSERT INTO addresses VALUES (1017, '2011 Interiors Blvd', '99236', 'South San Francisco', 118);
INSERT INTO addresses VALUES (1018, '2007 Zagora St', '50090', 'South Brunswick', 118);
INSERT INTO addresses VALUES (1019, '2004 Charade Rd', '98199', 'Seattle', 118);
INSERT INTO addresses VALUES (1020, '2017 Shinjuku-ku', '1689', 'Tokyo', 123);
commit;
------------------


ALTER SESSION SET NLS_DATE_FORMAT = "DD/MM/YYYY";

INSERT INTO departments VALUES (101, 'Administracja', '01/02/2004', 2000000, '692971767', 1001, null);
INSERT INTO departments VALUES (102, 'Marketing', '01/02/2004', 6900000, '505965896',1001,  null);
INSERT INTO departments VALUES (103, 'Kadry', '01/02/2004', 4200000, '604447359',1002,null);
INSERT INTO departments VALUES (104, 'Wsparcie IT', '01/02/2006', 5500000, '736796503', 1002, null);
INSERT INTO departments VALUES (105, 'Sprzeda≈º', '01/02/2004', 8005000, null, 1013, null);
INSERT INTO departments VALUES (106, 'Produkcja', '01/02/2004', 10007000, null, 1013, null);
INSERT INTO departments VALUES (107, 'Kierownictwo', '01/02/2004', 20000000, null,1014, null);
INSERT INTO departments VALUES (108, 'Finanse', '01/02/2004', 1900000, '4104684242', 1015, null);
INSERT INTO departments VALUES (109, 'Benefity', '01/02/2008', 900000, '3253485436', 1016, null);
INSERT INTO departments VALUES (110, 'Helpdesk', '01/02/2006', 4700000, '4089257297', 1018, null);
INSERT INTO departments VALUES (111, 'Kontrakty', '01/02/2004', 2500000, '4029722528', 1019, null);
INSERT INTO departments VALUES (112, 'Techniczny', '01/02/2004', 3300000,null, 1019, null);
INSERT INTO departments VALUES (113, 'Rekrutacja', '01/02/2007', 100000, null, 1007, null);
INSERT INTO departments VALUES (114, 'Operacyjny', '01/02/2004', 980000, null, 1008, null);
INSERT INTO departments VALUES (115, 'Planistyczny', '01/02/2007', 2300000, null, 1008, null);
INSERT INTO departments VALUES (116, 'Kontrolny', '01/02/2004', 800000, '7450628253',1005, null);
INSERT INTO departments VALUES (117, 'Produkcja IT', '01/02/2007', 10000000, null, 1002, null);
INSERT INTO departments VALUES (118, 'Grafika', '01/02/2008', 4600000, '7457187150', 1005, null);
INSERT INTO departments VALUES (119, 'Wdro≈ºenia', '01/02/2008', 3200000, null, 1009, null);
commit;
---------------------

INSERT INTO positions VALUES (101, 'Programista', 2000, 7000);
INSERT INTO positions VALUES (102, 'Konsultant', 1000, 5500);
INSERT INTO positions VALUES (103, 'Kadrowy', 1000, 4000);
INSERT INTO positions VALUES (104, 'Manager marketingowy', 1000, 3000);
INSERT INTO positions VALUES (105, 'Reprezentant', 1500, 4500);
INSERT INTO positions VALUES (106, 'Techniczny', 1300, 3000);
INSERT INTO positions VALUES (107, 'Wdrozeniowiec', 1400, 5000);
INSERT INTO positions VALUES (108, 'Pracownik RD', 2400, 9000);
INSERT INTO positions VALUES (109, 'Rekruter', 3000, 7000);
INSERT INTO positions VALUES (110, 'Public Relations', 3000, 7000);
INSERT INTO positions VALUES (111, 'Lider zespolu', 4000, 9000);
INSERT INTO positions VALUES (112, 'Kierowca', 1000, 2500);
INSERT INTO positions VALUES (113, 'Administracyjny', 2000, 4000);
INSERT INTO positions VALUES (114, 'Grafik', 2000, 7000);
INSERT INTO positions VALUES (115, 'Szkoleniowiec', 1500, 4000);
INSERT INTO positions VALUES (116, 'Analityk', 2500, 9000);
INSERT INTO positions VALUES (117, 'Projektant', 2500, 9000);
commit;

-------------------------


INSERT INTO emp_status VALUES (301, 'Zatrudniony');
INSERT INTO emp_status VALUES (302, 'Zwolniony');
INSERT INTO emp_status VALUES (303, 'Emeryt');
INSERT INTO emp_status VALUES (304, 'Kandydat');
INSERT INTO emp_status VALUES (305, 'Urlop macierzy≈Ñski');
commit;


INSERT INTO employees VALUES (101, 'Piotr', 'Maciejewski', '20/08/1982', 'M', 301, 3000, '01/01/2009', 101, NULL, 101);
INSERT INTO employees VALUES (102, 'Piotr', 'Janowski', '15/04/1980', 'M', 301, 3000, '01/01/2009', 102, 101, 102);
INSERT INTO employees VALUES (103, 'Andrzej', 'King', '10/01/1989', NULL, 301,1500, '01/01/2009', 102, 101, 103);
INSERT INTO employees VALUES (104, 'Lex', 'Kochhar', '11/11/1985', NULL, 301, 2000, '15/04/2009', 102, 101, 104);
INSERT INTO employees VALUES (105, 'Alexander', 'Hunold', '11/11/1987', 'M', 301, 3000, '15/04/2009', 103, 101, 105);
INSERT INTO employees VALUES (106, 'Tracy', 'Hunold', '11/12/1986', 'M', 305, 2000, '15/04/2009', 103, 102, 106);
INSERT INTO employees VALUES (107, 'David', 'Ernst', '03/02/1980', 'M', 301, 4500, '15/04/2009', 104, NULL, 107);
INSERT INTO employees VALUES (108, 'Valli', 'Austin', '11/09/1987', 'K', 301, 4000, '15/04/2009', 104, 107, 108);
INSERT INTO employees VALUES (109, 'Diana', 'Pataballa', '19/10/1986', 'K', 301, 6000, '15/04/2009', 104, 107, 109);
INSERT INTO employees VALUES (110, 'Nancy', 'Lorentz', '10/07/1983', 'K', 301, 5000, '16/05/2009', 105, 107, 110);
INSERT INTO employees VALUES (111, 'Daniel', 'Greenberg', '11/11/1986', 'M', 301, 7000, '16/05/2009', 104, 107, 111);
INSERT INTO employees VALUES (112, 'John', 'Faviet', '09/06/1987', 'M', 301, 1200, '11/11/2010', 105, NULL, 112);
INSERT INTO employees VALUES (113, 'Ismael', 'Chen', '06/11/1988', 'K', 301, 3300, '11/11/2010', 105, 112, 113);
INSERT INTO employees VALUES (114, 'Jose Manuel', 'Sciarra', '02/01/1981', 'M', 301, 3036, '11/11/2010', 101, 112, 114);
INSERT INTO employees VALUES (115, 'Luis', 'Urman', '31/12/1979', 'M', 301, 2700, '11/11/2010', 112, 112, 115);
INSERT INTO employees VALUES (116, 'Luis', 'Popp', '04/10/1978', NULL, 301, 5000, '11/11/2010', 112, NULL, 116);
INSERT INTO employees VALUES (117, 'Den', 'Raphaely', '07/05/1987', 'M', 301, 4000, '11/11/2010', 113, 116, 117);
INSERT INTO employees VALUES (118, 'Alex', 'Khoo', '10/10/1990', 'K', 301, 3000, '11/11/2010', 113, 116, 101);
INSERT INTO employees VALUES (119, 'Shelli', 'Baida', '12/08/1991', 'K', 301,2500, '20/11/2011', 114, 116, 102);
INSERT INTO employees VALUES (120, 'Sigal', 'Tobias', '01/03/1990', 'K', 301, 1500, '20/11/2011', 114, 116, 103);
INSERT INTO employees VALUES (121, 'Guy', 'Himuro', '18/01/1977', 'M', 301, 1500, '20/11/2011', 111, NULL, 104);
INSERT INTO employees VALUES (122, 'Karen', 'Himuro', '09/10/1976', 'K', 301,  2100, '02/02/2012', 110, 121, 105);
INSERT INTO employees VALUES (123, 'Matthew', 'Colmenares', '16/07/1983', 'N', 301, 2200, '02/02/2012', 111, 121, 106);
INSERT INTO employees VALUES (124, 'Adam', 'Weiss', '07/05/1976', 'M', 301, 2300, '02/02/2012', 108, 121, 107);
INSERT INTO employees VALUES (125, 'Adam', 'Fripp', '03/12/1978', 'M', 301, 4200, '14/03/2012', 109, NULL, 108);
INSERT INTO employees VALUES (126, 'Kevin', 'Kaufling', '05/08/1990', 'M', 301, 4300, '14/03/2012', 107, 126, 109);
INSERT INTO employees VALUES (127, 'Julia', 'Vollman', '20/11/1988', 'K', 301,4500, '14/06/2012', 107, 126, 110);
INSERT INTO employees VALUES (128, 'Irene', 'Janowski', '11/01/1990', 'K', 305,4200, '14/06/2012', 107, 126, 111);
INSERT INTO employees VALUES (129, 'Steven', 'Mourgos', '06/04/1985', 'M', 301, 2300, '14/06/2012', 115, 128, 112);
INSERT INTO employees VALUES (130, 'Steven', 'Janowski', '29/10/1988', 'M', 301,3100, '01/09/2012', 115, 128, 113);
INSERT INTO employees VALUES (131, 'Mozhe', 'Nayer', '30/08/1978', NULL, 301, 3250, '01/09/2012', 116, 128, 114);
INSERT INTO employees VALUES (132, 'James', 'Mikkilineni', '30/11/1987', 'M', 301, 4100, '01/09/2012', 116, 128, 111);
INSERT INTO employees VALUES (133, 'Jason', 'Landry', '31/01/1980', 'M', 301, 1200, '01/09/2012', 117, 128, 112);
INSERT INTO employees VALUES (134, 'Michael', 'Markle', '12/04/1987', 'M', 301, 3000, '01/10/2012', 116, 128, 113);
INSERT INTO employees VALUES (135, 'Ki', 'Bissot', '27/09/1980', 'K', 301, 3000, '01/10/2012', 116, 128, 114);
INSERT INTO employees VALUES (136, 'Renske', 'Atkinson', '25/03/1980', 'M', 301, 4200, '01/10/2012', 116, NULL, 111);
INSERT INTO employees VALUES (137, 'Stephen', 'Atkinson', '29/11/1986', 'M', 301, 2200, '01/10/2012', 117, 137, 102);
INSERT INTO employees VALUES (138, 'John', 'Marlow', '11/11/1980', 'N', 301, 2300, '01/01/2013', 111, 137, 103);
INSERT INTO employees VALUES (139, 'Joshua', 'Olson', '31/08/1977', 'M', 301, 3000, '01/01/2013', 113, 137, 103);
INSERT INTO employees VALUES (141, 'Trenna', 'Mallin', '15/07/1979', 'K', 301, 2900, '01/01/2013', 112, 137, 104);
INSERT INTO employees VALUES (142, 'Randall', 'Rogers', '28/01/1987', 'M', 301,3000, '01/04/2013', 112, 137, 105);
INSERT INTO employees VALUES (143, 'Peter', 'Gee', '30/10/1980', 'M', 301, 2090, '04/04/2013', 105, 137, 104);
INSERT INTO employees VALUES (144, 'John', 'Philtanker', '28/09/1979', 'M', 301, 3000, '01/04/2014', 116, 137, 102);

INSERT INTO employees VALUES (145, 'Mateusz', 'Mikke', '15/07/1999', 'M', 304, NULL, NULL, 101, NULL, NULL);
INSERT INTO employees VALUES (146, 'Adam', 'Bosak', '28/01/2000', 'M', 304,NULL, NULL, 101, NULL, NULL);
INSERT INTO employees VALUES (147, '≈?ukasz', 'Budka', '30/10/1990', 'M', 304, NULL, NULL, 105, NULL, NULL);
INSERT INTO employees VALUES (148, 'Jadwiga', 'Nowacka', '28/09/1981', 'K', 304, NULL, NULL, 116, NULL, NULL);
INSERT INTO employees VALUES (149, 'Beata', 'Mucha', '15/07/1989', 'K', 304, NULL, NULL, 112, NULL, NULL);
INSERT INTO employees VALUES (150, 'Bartosz', 'Pawlak', '28/01/1991', 'M', 304,NULL, NULL, 112, NULL, NULL);
INSERT INTO employees VALUES (151, 'Jaros≈Çaw', 'Miller', '30/10/2001', 'M', 304, NULL, NULL, 105, NULL, NULL);
INSERT INTO employees VALUES (152, 'Krzysztof', 'Schetyna', '28/09/1999', 'M', 304, NULL, NULL, 116, NULL, NULL);

INSERT INTO employees VALUES (153, 'Ludwik', 'Wi≈õniewski', '28/01/1951', 'M', 303, NULL, '01/01/2005', NULL, NULL, NULL);
INSERT INTO employees VALUES (154, 'Teofil', 'Hemingway', '30/10/1946', 'M', 303, NULL, '01/01/2004', NULL, NULL, NULL);
INSERT INTO employees VALUES (155, 'Ludmi≈Ça', 'Stachurska', '28/09/1943', 'K', 303, NULL, '01/01/2001', NULL, NULL, NULL);
INSERT INTO employees VALUES (156, 'Ziemowit', 'Szpak', '28/01/1942', 'M', 303, NULL, '01/05/2000', NULL, NULL, NULL);
INSERT INTO employees VALUES (157, 'Konstanty', 'Cugowski', '30/10/1946', 'M', 303, NULL, '01/02/2005', NULL, NULL, NULL);
INSERT INTO employees VALUES (158, 'Grzegorz', 'Bednarek', '28/09/1951', 'M', 303, NULL, '01/06/2009', NULL, NULL, NULL);
INSERT INTO employees VALUES (159, 'S≈Çawomir', 'Wi≈õniewski', '28/09/1979', 'M', 301, 39000, '01/04/2014', 116, 137, 111);

commit;

-----------------

UPDATE departments SET manager_id = 101 WHERE department_id = 101;
UPDATE departments SET manager_id = 101 WHERE department_id = 102;
UPDATE departments SET manager_id = 101 WHERE department_id = 103;
UPDATE departments SET manager_id = 101 WHERE department_id = 104;
UPDATE departments SET manager_id = 107 WHERE department_id = 105;
UPDATE departments SET manager_id = 107 WHERE department_id = 106;
UPDATE departments SET manager_id = 107 WHERE department_id = 107;
UPDATE departments SET manager_id = 112 WHERE department_id = 108;
UPDATE departments SET manager_id = 112 WHERE department_id = 109;
UPDATE departments SET manager_id = 112 WHERE department_id = 110;
UPDATE departments SET manager_id = 112 WHERE department_id = 111;
UPDATE departments SET manager_id = 116 WHERE department_id = 112;
UPDATE departments SET manager_id = 116 WHERE department_id = 113;
UPDATE departments SET manager_id = 116 WHERE department_id = 114;
UPDATE departments SET manager_id = 116 WHERE department_id = 115;
UPDATE departments SET manager_id = 121 WHERE department_id = 116;
UPDATE departments SET manager_id = 121 WHERE department_id = 117;
UPDATE departments SET manager_id = 136 WHERE department_id = 118;
UPDATE departments SET manager_id = 136 WHERE department_id = 119;
commit;

-------------------------------

INSERT INTO positions_history VALUES (null, 101, 101, '01/01/2005', '03/03/2005');
INSERT INTO positions_history VALUES (null, 101, 102, '03/03/2005', '01/11/2005');
INSERT INTO positions_history VALUES (null, 101, 103, '01/11/2005', '01/12/2005');
INSERT INTO positions_history VALUES (null, 102, 104, '01/01/2004', '11/10/2003');
INSERT INTO positions_history VALUES (null, 102, 105, '15/10/2004', '01/01/2005');
INSERT INTO positions_history VALUES (null, 102, 106, '20/11/2005', '01/12/2006');
INSERT INTO positions_history VALUES (null, 102, 107, '11/12/2006', '01/05/2007');
INSERT INTO positions_history VALUES (null, 104, 108, '03/03/2005', '04/04/2005');
INSERT INTO positions_history VALUES (null, 104, 101, '12/12/2005', '12/12/2006');
INSERT INTO positions_history VALUES (null, 104, 102, '12/12/2006', '03/03/2007');
INSERT INTO positions_history VALUES (null, 104, 103, '03/03/2007', '11/11/2007');
INSERT INTO positions_history VALUES (null, 105, 104, '01/01/2005', '11/11/2005');
INSERT INTO positions_history VALUES (null, 105, 105, '12/11/2005', '10/10/2006');
INSERT INTO positions_history VALUES (null, 105, 106, '11/10/2006', '11/11/2007');
INSERT INTO positions_history VALUES (null, 106, 107, '01/01/2005', '01/01/2008');
INSERT INTO positions_history VALUES (null, 107, 108, '01/01/2005', '11/11/2005');
INSERT INTO positions_history VALUES (null, 107, 107, '12/06/2006', '12/12/2007');
INSERT INTO positions_history VALUES (null, 107, 106, '01/01/2007', '10/10/2008');
INSERT INTO positions_history VALUES (null, 111, 105, '01/01/2005', '01/01/2006');
INSERT INTO positions_history VALUES (null, 111, 104, '01/01/2006', '01/11/2007');
INSERT INTO positions_history VALUES (null, 111, 103, '01/11/2007', '01/01/2008');
INSERT INTO positions_history VALUES (null, 111, 102, '01/01/2008', '01/12/2008');
INSERT INTO positions_history VALUES (null, 112, 101, '01/01/2008', '01/06/2008');
INSERT INTO positions_history VALUES (null, 112, 102, '01/06/2008', '01/12/2008');
INSERT INTO positions_history VALUES (null, 113, 103, '01/01/2005', '01/01/2007');
INSERT INTO positions_history VALUES (null, 153, 112, '01/01/2005', '31/12/2007');
INSERT INTO positions_history VALUES (null, 153, 107, '01/01/2008', '15/04/2009');
INSERT INTO positions_history VALUES (null, 154, 106, '01/01/2004', '30/06/2004');
INSERT INTO positions_history VALUES (null, 154, 113, '01/07/2004', '31/08/2007');
INSERT INTO positions_history VALUES (null, 155, 103, '01/01/2001', '31/12/2007');
INSERT INTO positions_history VALUES (null, 156, 115, '01/05/2000', '31/12/2010');
INSERT INTO positions_history VALUES (null, 157, 117, '01/02/2005', '31/12/2007');
INSERT INTO positions_history VALUES (null, 158, 113, '01/06/2009', '31/07/2011');
commit;


----


INSERT INTO dependents VALUES (101, 'Stanis≈Çaw', 'Maciejewski', '18/10/2002', 'M', 101);
INSERT INTO dependents VALUES (102, 'Jadwiga', 'Maciejewska', '18/10/2004', 'K', 101);
INSERT INTO dependents VALUES (103, 'Karolina', 'Maciejewska', '10/09/2006', 'K', 101);
INSERT INTO dependents VALUES (104, 'Stanis≈Çaw', 'Janowski', '10/09/2000', 'M', 102);
INSERT INTO dependents VALUES (105, 'Tadeusz', 'Janowski', '14/07/2002', 'M', 102);
INSERT INTO dependents VALUES (106, 'Ignacy', 'Janowski', '01/05/2003', 'M', 102);
INSERT INTO dependents VALUES (107, 'Maja', 'King', '01/05/2001', 'K', 103);
INSERT INTO dependents VALUES (108, 'Julia', 'King', '01/05/2010', 'K', 103);
INSERT INTO dependents VALUES (109, 'Angela', 'Kochhar', '01/05/2015', 'K', 104);
INSERT INTO dependents VALUES (110, 'Jan', 'Hunold', '01/03/2002', 'M', 104);
INSERT INTO dependents VALUES (111, 'Johan', 'Hunold', '03/06/2005', 'M', 104);
INSERT INTO dependents VALUES (112, 'Jan', 'Hunold', '01/03/2002', 'M', 104);
INSERT INTO dependents VALUES (113, 'Nancy', 'Ernst', '03/04/2010', 'K', 107);
INSERT INTO dependents VALUES (114, 'Emily', 'Ernst', '01/05/2012', 'K', 107);
INSERT INTO dependents VALUES (115, 'Jan', 'Ernst', '10/06/2014', 'M', 107);
INSERT INTO dependents VALUES (116, 'Sebastian', 'Ernst', '20/07/2016', 'M', 107);
INSERT INTO dependents VALUES (117, 'John', 'Urman', '20/07/2016', 'M', 107);
INSERT INTO dependents VALUES (118, 'Lily', 'Janowski', '27/07/2007', 'K', 128);
INSERT INTO dependents VALUES (119, 'Tracy', 'Janowski', '25/06/2009', 'K', 128);
INSERT INTO dependents VALUES (120, 'Wendy', 'Janowski', '29/04/2010', 'K', 128);
INSERT INTO dependents VALUES (121, 'Alice', 'Janowski', '21/09/2015', 'K', 128);
INSERT INTO dependents VALUES (122, 'Michael', 'Janowski', '23/01/2017', 'M', 128);
INSERT INTO dependents VALUES (123, 'Michael Junior', 'Markle', '23/01/2017', 'M', 134);
INSERT INTO dependents VALUES (124, 'John', 'Landry', '23/01/2000', 'M', 133);

commit;


INSERT INTO project_status VALUES (100, 'Zako≈Ñczony');
INSERT INTO project_status VALUES (101, 'Planowany');
INSERT INTO project_status VALUES (102, 'Realizowany');

commit;


INSERT INTO projects VALUES (100, 'Nowe logo', 100, 102, 10000, 10040, '01/02/2006', '03/07/2008');
INSERT INTO projects VALUES (101, 'Wdro≈ºenie systemu kadrowego', 100, 103, 140000, 180040, '01/02/2002', '03/07/2003');
INSERT INTO projects VALUES (102, 'Auta sluzbowe', 100, 107, 140000, 180040, '01/02/2011', '03/07/2012');
INSERT INTO projects VALUES (103, 'Szkolenia IT', 101, 104, 50000, 200080, '01/02/2018', NULL);
INSERT INTO projects VALUES (104, 'Sklep online', 101, 105, 100000, 150080, '01/02/2019', NULL);
INSERT INTO projects VALUES (105, 'Nowoczesne callcenter', 101, 110, 80000, 70080, '01/02/2020', NULL);
INSERT INTO projects VALUES (106, 'Dobry pracodawca', 102, 113, 80000, NULL, NULL, NULL);
INSERT INTO projects VALUES (107, 'Reorganizacja struktury', 102, 107, 200000, NULL, NULL, NULL);
INSERT INTO projects VALUES (108, 'Wyjazd integracyjny', 102, 107, NULL, NULL, NULL, NULL);
INSERT INTO projects VALUES (109, 'Upgrade bazy danych', 102, 104, NULL, NULL, NULL, NULL);

commit;


INSERT INTO emp_projects VALUES (100, 102, 100, '01/02/2006', '03/07/2008');
INSERT INTO emp_projects VALUES (101, 103, 100, '01/02/2006', '30/06/2007');
INSERT INTO emp_projects VALUES (102, 104, 100, '01/07/2007', '03/07/2008');
INSERT INTO emp_projects VALUES (103, 105, 101, '01/02/2002', '03/07/2003');
INSERT INTO emp_projects VALUES (104, 106, 101, '01/02/2003', '03/07/2003');
INSERT INTO emp_projects VALUES (105, 126, 102, '01/02/2011', '03/07/2012');
INSERT INTO emp_projects VALUES (106, 127, 102, '01/02/2011', '03/07/2012');
INSERT INTO emp_projects VALUES (107, 128, 102, '01/09/2011', '03/07/2012');
INSERT INTO emp_projects VALUES (108, 107, 103, '01/02/2018', NULL);
INSERT INTO emp_projects VALUES (109, 108, 103, '01/05/2019', NULL);
INSERT INTO emp_projects VALUES (110, 109, 103, '01/05/2020', '31/12/2020' );
INSERT INTO emp_projects VALUES (111, 131, 104, '01/02/2019', '30/01/2020' );
INSERT INTO emp_projects VALUES (112, 135, 104, '01/02/2020', NULL );
INSERT INTO emp_projects VALUES (113, 101, 104, '01/05/2019', NULL );
INSERT INTO emp_projects VALUES (114, 118, 104, '01/09/2020', NULL );
INSERT INTO emp_projects VALUES (115, 119, 104, '01/04/2020', NULL );
INSERT INTO emp_projects VALUES (116, 144, 104, '01/04/2020', NULL );
INSERT INTO emp_projects VALUES (117, 118, 105, '01/12/2020', NULL );
INSERT INTO emp_projects VALUES (118, 119, 105, '01/11/2020', NULL );
INSERT INTO emp_projects VALUES (119, 144, 105, '01/04/2020', NULL );
INSERT INTO emp_projects VALUES (120, 122, 105, '01/02/2020', NULL );
INSERT INTO emp_projects VALUES (121, 128, 105, '01/04/2020', NULL);

commit;


INSERT INTO grades VALUES (101, 1, 'Nie spe≈Çnia oczekiwa≈Ñ');
INSERT INTO grades VALUES (102, 2, 'Spe≈Çnia niekt√≥re oczekiwania');
INSERT INTO grades VALUES (103, 3, 'Spe≈Çnia wiƒôkszo≈õƒá¬†oczekiwa≈Ñ');
INSERT INTO grades VALUES (104, 4, 'Ca≈Çkowicie spe≈Çnia oczekiwania');
INSERT INTO grades VALUES (105, 5, 'Wyr√≥≈ºnienie');

commit;



INSERT INTO emp_grades VALUES (100, 101, 103, '01/04/2019', 2018);
INSERT INTO emp_grades VALUES (101, 114, 103, '01/04/2019', 2018);
INSERT INTO emp_grades VALUES (102, 145, 102, '01/04/2019', 2018);
INSERT INTO emp_grades VALUES (103, 146, 104, '01/04/2019', 2018);
INSERT INTO emp_grades VALUES (104, 101, 102, '03/04/2020', 2019);
INSERT INTO emp_grades VALUES (105, 114, 104, '03/04/2020', 2019);
INSERT INTO emp_grades VALUES (106, 145, 103, '03/04/2020', 2019);
INSERT INTO emp_grades VALUES (107, 146, 104, '03/04/2020', 2019);
INSERT INTO emp_grades VALUES (108, 105, 103, '03/05/2018', 2017);
INSERT INTO emp_grades VALUES (109, 106, 103, '03/05/2018', 2017);
INSERT INTO emp_grades VALUES (110, 105, 104, '02/04/2019', 2018);
INSERT INTO emp_grades VALUES (111, 106, 104, '02/04/2019', 2018);
INSERT INTO emp_grades VALUES (112, 105, 105, '10/04/2020', 2019);
INSERT INTO emp_grades VALUES (113, 106, 104, '10/04/2020', 2019);
INSERT INTO emp_grades VALUES (114, 106, 104, '07/04/2018', 2017);
INSERT INTO emp_grades VALUES (115, 106, 104, '05/04/2019', 2018);
INSERT INTO emp_grades VALUES (116, 106, 105, '11/04/2020', 2019);
INSERT INTO emp_grades VALUES (117, 125, 102, '12/04/2020', 2019);


commit;

-- zad1
SELECT ROUND(AVG(salary), 2) FROM employees;

-- zad2
SELECT gender, AVG(salary) FROM employees GROUP BY gender;

-- zad3  -- dodanie gender is null do kobiet 
SELECT gender, ROUND(AVG(salary),2) FROM employees WHERE gender<>'N' GROUP BY gender;

-- zad4  -- coú nie dzia≥
SELECT manager_id, COUNT(employee_id) FROM employees GROUP BY manager_id HAVING MAX(COUNT(employee_id));

-- zad5
SELECT department_id, MIN(date_employed) FROM employees GROUP BY department_id HAVING MIN(date_employed) < '01/01/2011';

-- zad6
SELECT employee_id, name, surname, salary, salary*0.12 FROM employees WHERE (EXTRACT(YEAR FROM SYSDATE) - EXTRACT(YEAR FROM birth_date)) >= 26;

-- zad6  z datediff --- coú nie dzia≥a
SELECT employee_id, name, surname, salary, salary*0.12 FROM employees WHERE DATEDIFF(year, Now(), birth_date) >= 26;

-- zad8
SELECT name FROM countries WHERE name NOT LIKE '%a' AND name LIKE '%i%' ORDER BY LENGTH(name) DESC;

-- zad9
SELECT manager_id, SUM(year_budget), ROUND(AVG(year_budget), 0), COUNT(department_id) FROM departments 
WHERE address_id NOT IN (1007, 1016, 1019)
GROUP BY manager_id 
ORDER BY SUM(year_budget) DESC;

-- zad10
SELECT name, min_salary, max_salary,(min_salary + max_salary) / 2 FROM positions WHERE min_salary <= 1800 AND max_salary >= 1800 ORDER BY (min_salary + max_salary) / 2 DESC;


-- zad11 -- doczytaj o tej funkcji rank
SELECT currency, name, population FROM countries RANK() OVER (ORDER BY population DESC AS population_rank; 

-- zad12
CREATE TABLE employees_test AS(
SELECT *
FROM EMPLOYEES
WHERE GENDER IS NOT NULL);

-- zad13
ALTER TABLE employees_test DROP gender WHERE gender = 'N';

-- zad14
ALTER TABLE employees_test MODIFY salary = 1234 WHERE salary IS NULL;

-- zad15
ALTER TABLE employees_test ADD age NUMBER(3) DEFAULT -1 NOT NULL;

-- zad16
--SELECT YEAR(SYSDATE() -  ) AS age

UPDATE employees_test
SET age = EXTRACT(YEAR FROM SYSDATE) - EXTRACT(YEAR FROM birth_date);

DESCRIBE employees_test;

UPDATE employees_test
SET date_employed = SYSDATE - 60
WHERE date_employed  IS NULL;

SELECT date_employed FROM employees_test WHERE date_employed IS NULL;

ALTER TABLE employees_test
DROP COLUMN age;

DESCRIBE employees_test;

-- SELECT ∆WICZENIA 
-- zad1
SELECT * FROM departments;

-- zad2 
SELECT name, department_id, address_id FROM departments;

-- zad3
SELECT UPPER(name), department_id, address_id FROM departments;


-- zad4
SELECT employee_id, name, surname, salary, salary*0.23 as tax FROM employees;

-- zad5
SELECT DISTINCT COUNT(employee_id) FROM employees;
SELECT COUNT(employee_id) FROM employees;

-- zad6
SELECT name FROM employees;
SELECT COUNT(name) FROM employees;

SELECT DISTINCT name FROM employees; 
SELECT COUNT(DISTINCT name) FROM employees;

-- WHERE ∆WICZENIA 
-- zad1
SELECT employee_id, name FROM employees WHERE salary > 3000;

-- zad2
SELECT * FROM employees WHERE salary BETWEEN 2000 AND 3000;
SELECT COUNT(*) FROM employees WHERE salary BETWEEN 2000 AND 3000;

-- zad3
SELECT * FROM employees WHERE EXTRACT(YEAR FROM date_employed) > 2010 AND salary BETWEEN 2000 AND 3000;
SELECT COUNT(*) FROM employees WHERE EXTRACT(YEAR FROM date_employed) > 2010 AND salary BETWEEN 2000 AND 3000;

-- zad4
SELECT * FROM employees WHERE salary * 0.23 < 500;

-- zad5
SELECT name FROM countries;
SELECT * FROM countries WHERE name LIKE 'K%';

-- zad6
SELECT * FROM employees WHERE department_id IS NULL;

-- zad7
SELECT * FROM employees WHERE department_id IN (102, 103, 105);

-- zad8
SELECT * FROM employees WHERE department_id NOT IN (102, 103, 105) OR department_id IS NULL;

-- zad9
SELECT name, surname, salary FROM employees WHERE salary IS NULL;

SELECT name, surname, NVL(salary, 0) FROM employees WHERE salary IS NULL;

-- ORDER BY / FETCH ∆WICZENIA
-- zad1
SELECT name, surname FROM employees ORDER BY salary DESC
OFFSET 0 ROWS
FETCH NEXT 5 ROWS ONLY;

SELECT name, surname FROM employees ORDER BY salary DESC
FETCH FIRST 5 ROWS ONLY;

-- zad2
SELECT * FROM employees ORDER BY date_employed FETCH FIRST 1 ROW WITH TIES;

-- zad3
SELECT * FROM positions ORDER BY max_salary - min_salary DESC NULLS LAST FETCH FIRST 2 ROWS WITH TIES;

SELECT name, SUBSTR(name, 0, 2) FROM employees;

-- PRACA DOMOWA
-- zad2
SELECT COUNT(name) FROM regions WHERE name LIKE 'A%';

-- zad3
SELECT MAX(salary) FROM employees;
SELECT salary FROM employees WHERE SALARY IS NOT NULL ORDER BY salary DESC FETCH FIRST 1 ROW ONLY;

-- zad4
SELECT COUNT(*) FROM employees WHERE department_id IS NULL;
SELECT * FROM employees WHERE department_id IS NULL;

-- zad5
SELECT * FROM employees WHERE EXTRACT(YEAR FROM date_employed) > 2010;

-- zad6
SELECT * FROM addresses WHERE country_id IN (119, 118, 106);

-- zad7
SELECT * FROM countries WHERE LENGTH(CODE) = 2;
SELECT * FROM countries;


SELECT * FROM countries WHERE name LIKE '_olska';
SELECT * FROM countries WHERE name LIKE 'K%';

-- INSERT ∆WICZENIA 
INSERT INTO regiony VALUES (1, 'Polska');
INSERT INTO regiony(region_id, nazwa_regionu) VALUES (2, 'Niemcy');
INSERT INTO regiony(nazwa_regionu, region_id) VALUES ('Czechy', 3);
SELECT * FROM regiony;

DELETE FROM regiony WHERE nazwa_regionu LIKE 'Czechy';
SELECT * FROM regiony;

UPDATE regiony SET nazwa_regionu = 'Rzeczpospolita Polska' WHERE region_id = 1;
SELECT * FROM regiony;

ALTER TABLE regiony ADD kod VARCHAR(40) DEFAULT ' ';
SELECT * FROM regiony;

UPDATE regiony SET kod = 'PL' WHERE nazwa_regionu = 'Rzeczpospolita Polska';
UPDATE regiony SET kod = 'GR' WHERE nazwa_regionu = 'Niemcy';

ALTER TABLE regiony DROP COLUMN kod;
SELECT * FROM regiony;

CREATE TABLE testing
(
    test_id NUMBER(4) CONSTRAINT test_pk PRIMARY KEY,
    nazwa VARCHAR(40) NOT NULL,
    kod CHAR(4) CONSTRAINT kod_check CHECK(kod IN ('a', 'b')),
    region_id NUMEBR(4) CONSTRAINT region_id_fk FOREIGN KEY (region_id) REFERENCES regiony(region_id)
);

DESCRIBE testing;
INSERT INTO testing VALUES (1, 'ala', 'a');
INSERT INTO testing(test_id, nazwa, kod) VALUES (2, 'baba', 'b');
SELECT * FROM testing;

ALTER TABLE testing ADD klucz_obcy INTEGER;
ALTER TABLE testing ADD region_id NUMBER(4);
ALTER TABLE testing DROP COLUMN region_id;
ALTER TABLE testing DROP COLUMN klucz_obcy;
ALTER TABLE testing ADD klucz_obcy INTEGER;
ALTER TABLE testing ADD CONSTRAINT klucz_obcy_fk FOREIGN KEY (klucz_obcy) REFERENCES regiony(region_id);
DESCRIBE testing;
DROP TABLE testing;

CREATE TABLE testing
(
    test_id NUMBER(4) CONSTRAINT test_pk PRIMARY KEY,
    nazwa VARCHAR(40) NOT NULL,
    kod CHAR(4) CONSTRAINT kod_check CHECK(kod IN ('a', 'b'))
);

ALTER TABLE testing
ADD klucz_obcy NUMBER(4); 

ALTER TABLE testing
ADD CONSTRAINT klucz_obcy_fk FOREIGN KEY (klucz_obcy) REFERENCES regiony(region_id);

ALTER TABLE testing
DROP CONSTRAINT klucz_obcy_fk;

ALTER TABLE testing DROP COLUMN klucz_obcy;

DESCRIBE testing;

DROP TABLE testing;


ALTER TABLE zaklady
ADD CONSTRAINT menadzer_fk FOREIGN KEY (menadzer_id) REFERENCES menadzer(menadzer_id);
DESCRIBE zaklady;

ALTER TABLE stanowiska
ADD CONSTRAINT placa_check CHECK( minimalna_placa >= 1000);

FLASHBACK TABLE testing TO BEFORE DROP;
SELECT * FROM testing;

DROP TABLE teaching;

CREATE TABLE teaching
(
    id NUMBER(4) CONSTRAINT id_pk PRIMARY KEY,
    name VARCHAR(40) NOT NULL,
    id_kraj NUMBER(38) CONSTRAINT kraj_id_fk REFERENCES kraje(kraj_id),
    other NUMBER CONSTRAINT other_unique UNIQUE,
    some_id NUMBER SORT DEFAULT 18
);
INSERT INTO teaching VALUES (1, 'ala', 1, 2, 3);
INSERT INTO teaching VALUES (2, 'baba', 1, 3, 1);

ALTER TABLE teaching DROP PRIMARY KEY;
ALTER TABLE teaching ADD CONSTRAINT id_pk PRIMARY KEY (id);

SELECT value
FROM nls_session_parameters
WHERE parameter = 'NLS_DATE_FORMAT';

SELECT SYSTIMESTAMP FROM dual;

SELECT SYSDATE FROM dual;

SELECT CAST(id AS CHAR) FROM teaching;

ALTER TABLE teaching ADD test_column NUMBER;
ALTER TABLE teaching MODIFY test_column INTEGER;

-- ALTER TABLE teaching MODIFY some_id INTEGER;
SELECT * FROM teaching;

CREATE INDEX indeks ON teaching (id, name, some_id);
DROP INDEX indeks;

CREATE VIEW wow AS
SELECT * FROM teaching;

SELECT * FROM wow;


ALTER TABLE pracownicy ADD teaching_id NUMBER(4);
ALTER TABLE pracownicy ADD CONSTRAINT teaching_id_fk FOREIGN KEY (teaching_id) REFERENCES teaching(id); 
ALTER TABLE pracownicy ADD empl_date DATE;
ALTER TABLE pracownicy DROP COLUMN empl_date;

DROP TABLE teaching CASCADE CONSTRAINTS;

DESCRIBE pracownicy;

FLASHBACK TABLE teaching TO BEFORE DROP;
INSERT INTO teaching VALUES (1, 'ala');
TRUNCATE TABLE teaching;
SELECT * FROM teaching;

INSERT INTO kraje VALUES (1, 'Polska', 1);
INSERT INTO kraje VALUES (2, 'Niemcy', 1);

UPDATE kraje SET kraj_nazwa = 'NIEZNANY';
SELECT * FROM kraje;

ALTER TABLE pracownicy DROP COLUMN teaching_id; 
INSERT INTO pracownicy VALUES (1, 2, 3);
UPDATE pracownicy SET kierownik = NULL;
SELECT * FROM pracownicy;

SELECT * FROM teaching;
ALTER TABLE teaching DROP PRIMARY KEY;
commit;

-- zadania z moodla Kuby 
DELETE FROM dependens WHERE age > 18;
SELECT AVG(budget) FROM departments WHERE contact_number IS NOT NULL;

-- tutaj sprawdz to drop
ALTER TABLE reg_country
DROP CONSTRAINT PRIMARY KEY;

ALTER TABLE reg_country
ADD CONSTRAINT region_id PRIMARY KEY;

ALTER TABLE reg_country
ADD CONSTRAINT country_id PRIMARY KEY;

SELECT SUM(year_budget) FROM departments WHERE EXTRACT(YEAR FROM  departmenty_year) BETWEEN 2005 AND 2009;

-- sprawdü od tego momentu
CREATE TABLE grands
(
    grand_id INTEGER CONSTRAINT grand_id_pk PRIMARY KEY,
    name VARCHAR(40),
    short_name CHAR(3) UNIQUE,
    budget NUMBER CONSTRAINT budget_check CHECK (budget >= 0),
    beginning_date DATE DEFAULT SYSDATE
);

ALTER TABLE grands ADD CONSTRAINT short_name_check CHECK (LENGTH(short_name) = 3);

INSERT INTO grands VALUES(1, 'alicja', 'ala', 20, '01/01/05');
SELECT beginning_date FROM grands;

SELECT MIN(year_budget) FROM departments WHERE EXTRACT(YEAR FROM established) <= 2005;

ALTER TABLE grands ADD CONSTRAINT date_check CHECK (beginning_date > '12/01/01');

SELECT SYSDATE FROM DUAL;

ALTER TABLE employees DROP CONSTRAINT emp_gender_check;

ALTER TABLE employees ADD CONSTRAINT emp_gender_check CHECK (gender IN ('K', 'M', 'N'));

ALTER TABLE reg_countries DROP CONSTRAINT reg_country_pk;

ALTER TABLE reg_countires ADD CONSTRAINT region_country_id_pk PRIMARY KEY (region_id, country_id);

ALTER TABLE employees ADD CONSTRAINT age_check CHECK(employee_age >= 18);

ALTER TABLE employees ADD CONSTRAINT age_check CHECK(EXTRACT(YEAR FROM SYSDATE) - EXTRACT(YEAR FROM employee_burth_date) >= 18);

ALTER TABLE departments ADD (employees_count INTEGER CONSTRAINT employees_count_check CHECK (employees_count <= 500));

ALTER TABLE countries ADD time_zone VARCHAR(40) DEFAULT 'UTC';

ALTER TABLE positions ADD CONSTRAINT salary_check CHECK( salary <= 10000);

SELECT SUM(yearly_budget) FROM departments WHERE EXTRACT(YEAR FROM department_founding_date) BETWEEN 2005 AND 2009;

SELECT MIN(yearly_budget) FROM departments WHERE  EXTRACT(YEAR FROM department_founding_date) <= 2005;

SELECT COUNT(*) FROM departments WHERE menager_id IS NOT NULL AND yearly_budget > 4021090;

SELECT *, EXTRACT (YEAR FROM SYSDATE) - EXTRACT(YEAR FROM employee_birth_date) AS age FROM employees WHERE department_id = 304
ORDER BY EXTRACT (YEAR FROM SYSDATE) - EXTRACT(YEAR FROM employee_birth_date) DESC;

SELECT AVG(yearly_budget_ FROM departments WHERE contact_number IS NOT NULL;

SELECT COUNT(*) FROM employees WHERE department_id = 108;

SELECT address FROM addresses WHERE street LIKE 'C%';

SELECT SYSDATE + 1 FROM DUAL;

SELECT AVG(EXTRACT(YEAR FROM SYSDATE) - EXTRACT(YEAR FROM date_employeed)) AS avarage_employement_lenght FROM emploeyees WHERE gender = 'M' AND date_employes IS NOT NULL;

SELECT COUNT(DISTINCT city_id) FROM address;

DELETE FROM employees WHERE status_id = 304 AND menager_id IS NULL;

DELETE FROM reg_countries WHERE region_id IN (101, 102);

DELETE FROM dependents WHERE EXTRACT(YEAR FROM birth_date) > 18;




-- na sprawdzian od kogoú tam
-- zad1
SELECT ROUND(AVG(salary), 2) FROM employees;

-- zad2 
SELECT ROUND(AVG(salary), 2) FROM employees GROUP BY gender;

-- zad3 -- to ma inne rozwiπzanie -- wyprÛbuj w domu
SELECT ROUND(AVG(salary), 2) FROM employees GROUP BY gender HAVING gender NOT LIKE 'N' AND NVL(gender, 'K');

SELECT  AND NVL(gender, 'K'), ROUND(AVG(salary), 2) AS avarage_salary FROM employees WHERE NVL(gender, 'K') <> 'N' GROUP BY NVL(gender, 'K');

-- zad4
SELECT manager_id, COUNT(manadzer_id) FROM employees GROUP BY manadzer_id HAVING MAX(COUNT(manadzer_id)));


SELECT manager_id, COUNT(manadzer_id) FROM employees GROUP BY manadzer_id ORDER BY COUNT(manadzer_id))) DESC FETCH FIRST 1 ROW WITH TIES;

-- zad5
SELECT name, date_employed FROM departments WHERE date_employed < '2011-01-01' ORDER BY date_employed ASC FETCH FIRST 1 ROW WITH TIES;

-- zad6

ALTER TABLE employees DROP CONSTRAINT gender_check;

ALTER TABLE reg_countries DROP CONSTRAINT PRIMARY KEY;
ALTER TABLE reg_countries ADD CONSTRAINT reg_countries PRIMARY KEY (region_id, country_id);

CREATE TABLE lol
(
    lol_id NUMBER CONSTRAINT lol_pk PRIMARY KEY
);

ALTER TABLE lol DROP CONSTRAINT lol_pk;
ALTER TABLE lol ADD CONSTRAINT lol_pk PRIMARY KEY (lol_id);
ALTER TABLE lol DROP PRIMARY KEY;

ALTER TABLE departmnets ADD employee_count INTEGER CONSTRAINT employee_count_check CHECK (employee_number <= 500);


DELETE FROM dependents WHERE EXTRACT( YEAR FROM (SYSDATE - birth_date)) > 18;

SELECT SYSDATE - 10 FROM duals;

SELECT AVG(salary - salary * 0.2) AS avarage_salary_without_tax FROM employees WHERE gender = 'K';

SELECT SYSDATE + 1 FROM dual;

ALTER TABLE countries ADD timezone VARCHAR(40) DEFAULT 'UTC';

CREATE TABLE health_examination
(
    examination_id INTEGER CONSTRAINT examination_id_pk PRIMARY KEY,
    examination_date DATE,
    result VARCHAR(20) NOT NULL CONSTRAINT result_check CHECK (result IN ('pozytywny', 'negatywny')),
    name_medical_center VARCHAR(40)
);

SELECT CONCAT(SUBSTR(name, 0, 1), SUBSTR(surname, 0, 1)) AS initials FROM employees WHERE department_id IN (101, 102, 103, 104, 105);

SELECT SYSDATE from dual;
ALTER TABLE dependents ADD CONSTRAINT age_check CHECK (birth_date < '05/11/07');

ALTER TABLE emp_projects MODIFY date_start DATE DEFAULT SYSDATE;

SELECT AVG(EXTRACT(YEAR FROM SYSDATE) - EXTRACT(YEAR FROM date_employed)) FROM employees WHERE gender = 'M'; 

SELECT employees.*, (EXTRACT(YEAR FROM SYSDATE) - EXTRACT(YEAR FROM birth_date)) AS age FROM employees WHERE department_id = 104 ORDER BY age DESC;

ALTER TABLE employees MODIFY date_employed DEFAULT SYSDATE;

UPDATE departments SET year_budget = ROUND(year_budget - year_budget*0.05, 2) WHERE contact_number IS NULL;

SELECT birth_date FROM employees WHERE department_id IS NOT NULL ORDER BY birth_date ASC NULLS LAST FETCH FIRST 1 ROW ONLY;

SELECT (MAX(salary) - MIN(salary)) AS difference FROM employees WHERE manager_id = 116 OR manager_id IS NULL;

SELECT COUNT(*) FROM dependents WHERE employee_id = 104 AND gender = 'M';

DELETE FROM employees WHERE status_id = 304 AND manager_id IS NULL;

ALTER TABLE employees ADD evaluation INTEGER CONSTRAINT evaluation_check CHECK (evaluation BETWEEN 0 AND 5);

UPDATE employees SET salary = salary + 0.1 * salary WHERE department_id = 101; 

SELECT SUBSTR('Alohomorra', 2, 5) FROM dual;
